<?xml version="1.0" encoding="utf-8" ?>
<OpenCPNWeatherRoutingConfiguration version="1.10" creator="Opencpn Weather Routing plugin">
    <Position Name="CapeCanaveral" Latitude="28.30977" Longitude="-80.45568" />
    <Position Name="B.deSamana DR" Latitude="19.60229" Longitude="-69.34698" />
    <Position Name="Freeport GB" Latitude="26.48731" Longitude="-78.47120" />
    <Position Name="Virgin Islds" Latitude="18.77640" Longitude="-64.40437" />
    <Position Name="Jamaica" Latitude="18.55010" Longitude="-76.34631" />
    <Position Name="C.Frragoso CU" Latitude="22.55047" Longitude="-79.36641" />
    <Position Name="C.Fragoso CU 2" Latitude="22.68913" Longitude="-79.28709" />
    <Position Name="Hurricane Hole " Latitude="23.70004" Longitude="-77.42117" />
    <Position Name="Bahia de Nipe CU" Latitude="20.80148" Longitude="-75.53990" />
    <Configuration Start="C.Fragoso CU 2" StartDate="9/6/2017" StartTime="6:00:00 PM" End="CapeCanaveral" dt="14400" Boat="C:\ProgramData\opencpn\plugins\weather_routing\boat\Boat-Test.XML" Integrator="0" MaxDivertedCourse="90" MaxCourseAngle="180" MaxSearchAngle="120" MaxTrueWindKnots="100" MaxApparentWindKnots="100" MaxSwellMeters="20" MaxLatitude="90" TackingTime="0" WindVSCurrent="0" AvoidCycloneTracks="0" CycloneMonths="1" CycloneDays="0" UseGrib="1" ClimatologyType="4" AllowDataDeficient="0" WindStrength="1" DetectLand="1" DetectBoundary="0" Currents="0" InvertedRegions="0" Anchoring="0" FromDegree="0" ToDegree="180" ByDegrees="5" />
    <Configuration Start="Freeport GB" StartDate="9/7/2017" StartTime="9:00:00 PM" End="B.deSamana DR" dt="18000" Boat="C:\ProgramData\opencpn\plugins\weather_routing\boat\Boat-Test-Power.XML" Integrator="0" MaxDivertedCourse="90" MaxCourseAngle="180" MaxSearchAngle="120" MaxTrueWindKnots="100" MaxApparentWindKnots="100" MaxSwellMeters="20" MaxLatitude="90" TackingTime="0" WindVSCurrent="0" AvoidCycloneTracks="0" CycloneMonths="1" CycloneDays="0" UseGrib="1" ClimatologyType="5" AllowDataDeficient="0" WindStrength="0.45" DetectLand="1" DetectBoundary="0" Currents="0" InvertedRegions="0" Anchoring="0" FromDegree="0" ToDegree="180" ByDegrees="5" />
    <Configuration Start="B.deSamana DR" StartDate="9/6/2017" StartTime="9:00:00 PM" End="Freeport GB" dt="7200" Boat="C:\ProgramData\opencpn\plugins\weather_routing\boat\Boat-Test.XML" Integrator="0" MaxDivertedCourse="90" MaxCourseAngle="180" MaxSearchAngle="120" MaxTrueWindKnots="100" MaxApparentWindKnots="100" MaxSwellMeters="20" MaxLatitude="90" TackingTime="0" WindVSCurrent="0" AvoidCycloneTracks="0" CycloneMonths="1" CycloneDays="0" UseGrib="1" ClimatologyType="4" AllowDataDeficient="0" WindStrength="1" DetectLand="1" DetectBoundary="0" Currents="0" InvertedRegions="0" Anchoring="0" FromDegree="0" ToDegree="180" ByDegrees="5" />
    <Configuration Start="Freeport GB" StartDate="9/6/2017" StartTime="6:00:00 PM" End="Jamaica" dt="10800" Boat="C:\ProgramData\opencpn\plugins\weather_routing\boat\Boat-Test-Power.XML" Integrator="0" MaxDivertedCourse="90" MaxCourseAngle="180" MaxSearchAngle="120" MaxTrueWindKnots="100" MaxApparentWindKnots="100" MaxSwellMeters="20" MaxLatitude="90" TackingTime="0" WindVSCurrent="0" AvoidCycloneTracks="0" CycloneMonths="1" CycloneDays="0" UseGrib="1" ClimatologyType="4" AllowDataDeficient="0" WindStrength="1" DetectLand="1" DetectBoundary="0" Currents="0" InvertedRegions="0" Anchoring="0" FromDegree="0" ToDegree="180" ByDegrees="5" />
    <Configuration Start="CapeCanaveral" StartDate="9/6/2017" StartTime="9:00:00 PM" End="Bahia de Nipe CU" dt="14400" Boat="C:\ProgramData\opencpn\plugins\weather_routing\boat\Boat.XML" Integrator="0" MaxDivertedCourse="90" MaxCourseAngle="180" MaxSearchAngle="120" MaxTrueWindKnots="100" MaxApparentWindKnots="100" MaxSwellMeters="20" MaxLatitude="90" TackingTime="0" WindVSCurrent="0" AvoidCycloneTracks="0" CycloneMonths="1" CycloneDays="0" UseGrib="1" ClimatologyType="5" AllowDataDeficient="0" WindStrength="1" DetectLand="1" DetectBoundary="0" Currents="0" InvertedRegions="0" Anchoring="0" FromDegree="0" ToDegree="180" ByDegrees="5" />
    <Configuration Start="CapeCanaveral" StartDate="9/6/2017" StartTime="9:00:00 PM" End="C.Frragoso CU" dt="3600" Boat="C:\ProgramData\opencpn\plugins\weather_routing\boat\Boat.XML" Integrator="0" MaxDivertedCourse="90" MaxCourseAngle="180" MaxSearchAngle="120" MaxTrueWindKnots="100" MaxApparentWindKnots="100" MaxSwellMeters="20" MaxLatitude="90" TackingTime="0" WindVSCurrent="0" AvoidCycloneTracks="0" CycloneMonths="1" CycloneDays="0" UseGrib="1" ClimatologyType="5" AllowDataDeficient="0" WindStrength="1" DetectLand="1" DetectBoundary="0" Currents="0" InvertedRegions="0" Anchoring="0" FromDegree="0" ToDegree="180" ByDegrees="5" />
    <Configuration Start="CapeCanaveral" StartDate="9/6/2017" StartTime="9:00:00 PM" End="C.Frragoso CU" dt="7200" Boat="C:\ProgramData\opencpn\plugins\weather_routing\boat\Boat.XML" Integrator="0" MaxDivertedCourse="90" MaxCourseAngle="180" MaxSearchAngle="120" MaxTrueWindKnots="100" MaxApparentWindKnots="100" MaxSwellMeters="20" MaxLatitude="90" TackingTime="0" WindVSCurrent="0" AvoidCycloneTracks="0" CycloneMonths="1" CycloneDays="0" UseGrib="1" ClimatologyType="5" AllowDataDeficient="0" WindStrength="1" DetectLand="1" DetectBoundary="0" Currents="0" InvertedRegions="0" Anchoring="0" FromDegree="0" ToDegree="180" ByDegrees="5" />
    <Configuration Start="CapeCanaveral" StartDate="9/6/2017" StartTime="9:00:00 PM" End="C.Frragoso CU" dt="10800" Boat="C:\ProgramData\opencpn\plugins\weather_routing\boat\Boat.XML" Integrator="0" MaxDivertedCourse="90" MaxCourseAngle="180" MaxSearchAngle="120" MaxTrueWindKnots="100" MaxApparentWindKnots="100" MaxSwellMeters="20" MaxLatitude="90" TackingTime="0" WindVSCurrent="0" AvoidCycloneTracks="0" CycloneMonths="1" CycloneDays="0" UseGrib="1" ClimatologyType="5" AllowDataDeficient="0" WindStrength="1" DetectLand="1" DetectBoundary="0" Currents="0" InvertedRegions="0" Anchoring="0" FromDegree="0" ToDegree="180" ByDegrees="5" />
    <Configuration Start="CapeCanaveral" StartDate="9/6/2017" StartTime="9:00:00 PM" End="C.Frragoso CU" dt="14400" Boat="C:\ProgramData\opencpn\plugins\weather_routing\boat\Boat.XML" Integrator="0" MaxDivertedCourse="90" MaxCourseAngle="180" MaxSearchAngle="120" MaxTrueWindKnots="100" MaxApparentWindKnots="100" MaxSwellMeters="20" MaxLatitude="90" TackingTime="0" WindVSCurrent="0" AvoidCycloneTracks="0" CycloneMonths="1" CycloneDays="0" UseGrib="1" ClimatologyType="5" AllowDataDeficient="0" WindStrength="1" DetectLand="1" DetectBoundary="0" Currents="0" InvertedRegions="0" Anchoring="0" FromDegree="0" ToDegree="180" ByDegrees="5" />
    <Configuration Start="CapeCanaveral" StartDate="9/6/2017" StartTime="9:00:00 PM" End="C.Frragoso CU" dt="18000" Boat="C:\ProgramData\opencpn\plugins\weather_routing\boat\Boat.XML" Integrator="0" MaxDivertedCourse="110" MaxCourseAngle="180" MaxSearchAngle="120" MaxTrueWindKnots="100" MaxApparentWindKnots="100" MaxSwellMeters="20" MaxLatitude="90" TackingTime="0" WindVSCurrent="0" AvoidCycloneTracks="0" CycloneMonths="1" CycloneDays="0" UseGrib="1" ClimatologyType="5" AllowDataDeficient="0" WindStrength="1" DetectLand="1" DetectBoundary="0" Currents="0" InvertedRegions="0" Anchoring="0" FromDegree="0" ToDegree="180" ByDegrees="5" />
    <Configuration Start="CapeCanaveral" StartDate="9/6/2017" StartTime="9:00:00 PM" End="C.Frragoso CU" dt="21600" Boat="C:\ProgramData\opencpn\plugins\weather_routing\boat\Boat.XML" Integrator="0" MaxDivertedCourse="90" MaxCourseAngle="180" MaxSearchAngle="120" MaxTrueWindKnots="100" MaxApparentWindKnots="100" MaxSwellMeters="20" MaxLatitude="90" TackingTime="0" WindVSCurrent="0" AvoidCycloneTracks="0" CycloneMonths="1" CycloneDays="0" UseGrib="1" ClimatologyType="5" AllowDataDeficient="0" WindStrength="1" DetectLand="1" DetectBoundary="0" Currents="0" InvertedRegions="0" Anchoring="0" FromDegree="0" ToDegree="180" ByDegrees="5" />
</OpenCPNWeatherRoutingConfiguration>
